INSERT INTO public.role (role_id, name) VALUES (1, 'ROLE_USER');
INSERT INTO public.role (role_id, name) VALUES (2, 'ROLE_ADMIN');

INSERT INTO public.person (person_id, age, avatar_id, city, gender, name, nickname, password, secret_word) VALUES (7, 20, 1, 'Voronezh', 'FEMALE', 'Dora', 'string', '$2a$10$8iDH.u0fPFs8mLUYQjoBHuP3K0Rr5mjfKrnMbJT5gX.1a.OLk2NqG', 'string');
INSERT INTO public.person (person_id, age, avatar_id, city, gender, name, nickname, password, secret_word) VALUES (8, 20, 1, 'Mountain View', 'MALE', 'zabuza', 'zabuza', '$2a$10$f9dFFWUnR/7ETyjLn9U0Be9OfQPIugLlD3nGRBUjBLefKSahltxfu', 'zabuza');
INSERT INTO public.person (person_id, age, avatar_id, city, gender, name, nickname, password, secret_word) VALUES (2, 20, null, 'string', 'MALE', 'string', 'string1', '$2a$10$atZdz54GbLQ.VWvJ0cFuvurw8fXo4euCty1Rn6clwk1Da6z2.RUaK', 'string');
INSERT INTO public.person (person_id, age, avatar_id, city, gender, name, nickname, password, secret_word) VALUES (9, 25, null, 'Mountain View', 'MALE', 'Naruto', 'Naruto', '$2a$10$doboq9TFtYDEaMx4b8Xh1ueYtuvfYCaOcVXfmkWfYJsghqj4Zdab.', 'Naruto');
INSERT INTO public.person (person_id, age, avatar_id, city, gender, name, nickname, password, secret_word) VALUES (3, 14, null, 'Voronezh', 'FEMALE', 'KPSS', 'AntiHype', '$2a$10$56mINyri3sta7aCFOfQSL.q3XwYYW9DXxbNSTsX42q.qT3hzZ.oo6', 'slava');
INSERT INTO public.person (person_id, age, avatar_id, city, gender, name, nickname, password, secret_word) VALUES (4, null, null, '', 'FEMALE', 'dada', 'person', '$2a$10$mKTeyjbO6tktbop8if0U8uWxKlTlsWKragplMLg8OvFloOr7mvIGu', 'person');
INSERT INTO public.person (person_id, age, avatar_id, city, gender, name, nickname, password, secret_word) VALUES (1, 20, 3, 'Voronezh', 'MALE', 'Denisuss', 'Dunadan', '$2a$10$OHB8SmqDHRa72GoubwupOeoeoROJDvNvRiB4K54ok9M1oUEv1BYoy', 'string');

INSERT INTO public.event (event_id, address, city, date, description, game, max_age, max_person_count, min_age, name, host) VALUES (1, 'address', 'Voronezh', '2023-05-20 19:45:00.000000', 'gogogo', 'game', null, 10, null, 'event222', 1);
INSERT INTO public.event (event_id, address, city, date, description, game, max_age, max_person_count, min_age, name, host) VALUES (2, 'address', 'Voronezh', '2023-05-20 19:45:00.000000', 'gogogo', 'game', null, 15, null, 'event222', 1);
INSERT INTO public.event (event_id, address, city, date, description, game, max_age, max_person_count, min_age, name, host) VALUES (3, 'address', 'Voronezh', '2023-05-20 19:45:00.000000', 'gogogo', 'game', null, 13, null, 'event222', 1);
INSERT INTO public.event (event_id, address, city, date, description, game, max_age, max_person_count, min_age, name, host) VALUES (4, 'address', 'Voronezh', '2023-05-21 19:45:00.000000', 'gogogo', 'game', null, 12, null, 'event222', 1);
INSERT INTO public.event (event_id, address, city, date, description, game, max_age, max_person_count, min_age, name, host) VALUES (5, 'address', 'Voronezh', '2023-05-21 19:45:00.000000', 'gogogo', 'game', null, 12, null, 'event222', 1);
INSERT INTO public.event (event_id, address, city, date, description, game, max_age, max_person_count, min_age, name, host) VALUES (6, 'address', 'Voronezh', '2023-05-25 19:45:00.000000', 'gogogo', 'game', null, 10, null, 'event222', 1);
INSERT INTO public.event (event_id, address, city, date, description, game, max_age, max_person_count, min_age, name, host) VALUES (7, 'address', 'Voronezh', '2023-05-25 19:45:00.000000', 'gogogo', 'game', null, 14, null, 'event222', 1);
INSERT INTO public.event (event_id, address, city, date, description, game, max_age, max_person_count, min_age, name, host) VALUES (8, 'address', 'Voronezh', '2023-05-19 19:45:00.000000', 'gogogo', 'game', null, 14, null, 'event222', 1);
INSERT INTO public.event (event_id, address, city, date, description, game, max_age, max_person_count, min_age, name, host) VALUES (10, 'address', 'Voronezh', '2023-05-19 19:45:00.000000', 'gogogo', 'game', null, 10, null, 'event222', 1);
INSERT INTO public.event (event_id, address, city, date, description, game, max_age, max_person_count, min_age, name, host) VALUES (11, 'address', 'Voronezh', '2023-05-19 19:45:00.000000', 'gogogo', 'game', 25, 10, 18, 'event222', 1);
INSERT INTO public.event (event_id, address, city, date, description, game, max_age, max_person_count, min_age, name, host) VALUES (12, 'address', 'Voronezh', '2023-05-19 19:45:00.000000', 'gogogo', 'game', 25, 15, 18, 'event222', 1);
INSERT INTO public.event (event_id, address, city, date, description, game, max_age, max_person_count, min_age, name, host) VALUES (13, 'address', 'Voronezh', '2023-05-25 19:45:00.000000', 'gogogo', 'game', 25, 15, 18, 'event222', 1);
INSERT INTO public.event (event_id, address, city, date, description, game, max_age, max_person_count, min_age, name, host) VALUES (16, 'address', 'Voronezh', '2023-05-31 12:30:00.000000', 'qqqqq', 'Privet', 20, 5, 10, 'Zdarova', 2);
INSERT INTO public.event (event_id, address, city, date, description, game, max_age, max_person_count, min_age, name, host) VALUES (14, 'address', 'Voronezh', '2023-05-31 19:45:00.000000', 'gogogo', 'game', 25, 10, 18, 'event222', 1);
INSERT INTO public.event (event_id, address, city, date, description, game, max_age, max_person_count, min_age, name, host) VALUES (20, 'address', 'city', '2023-06-08 10:31:22.000000', 'gogogo', 'game', 30, 10, 10, 'name', 1);
INSERT INTO public.event (event_id, address, city, date, description, game, max_age, max_person_count, min_age, name, host) VALUES (21, 'address', 'city', '2023-06-08 10:31:22.000000', 'gogogo', 'game', 30, 10, 10, 'name', 1);
INSERT INTO public.event (event_id, address, city, date, description, game, max_age, max_person_count, min_age, name, host) VALUES (19, 'address', 'city', '2023-06-03 13:13:55.517869', 'gogogo', 'game', 30, 10, 10, 'name', 1);

INSERT INTO public.items (item_id, marked, name, event_id) VALUES (20, false, 'item', 19);
INSERT INTO public.items (item_id, marked, name, event_id) VALUES (21, true, 'item', 20);
INSERT INTO public.items (item_id, marked, name, event_id) VALUES (23, true, 'item12', 20);
INSERT INTO public.items (item_id, marked, name, event_id) VALUES (22, true, 'item1', 20);

INSERT INTO public.message (message_id, date_time, text, event, person_id) VALUES (1, '2023-05-29 19:23:33.508694', 'test', 1, 1);
INSERT INTO public.message (message_id, date_time, text, event, person_id) VALUES (2, '2023-06-01 13:54:46.481878', 'hihi', 1, 1);
INSERT INTO public.message (message_id, date_time, text, event, person_id) VALUES (3, '2023-06-01 13:56:49.023001', 'hihi', 1, 1);
INSERT INTO public.message (message_id, date_time, text, event, person_id) VALUES (4, '2023-06-01 23:22:40.794168', 'hihihi', 1, 1);
INSERT INTO public.message (message_id, date_time, text, event, person_id) VALUES (5, '2023-06-02 12:54:32.027135', 'hihihih', 1, 1);

INSERT INTO public.person_roles (role_id, person_id) VALUES (2, 1);
INSERT INTO public.person_roles (role_id, person_id) VALUES (1, 7);
INSERT INTO public.person_roles (role_id, person_id) VALUES (1, 8);
INSERT INTO public.person_roles (role_id, person_id) VALUES (1, 9);

INSERT INTO public.members_events (person_id, event_id) VALUES (1, 1);
INSERT INTO public.members_events (person_id, event_id) VALUES (1, 2);
INSERT INTO public.members_events (person_id, event_id) VALUES (1, 3);
INSERT INTO public.members_events (person_id, event_id) VALUES (1, 4);
INSERT INTO public.members_events (person_id, event_id) VALUES (1, 5);
INSERT INTO public.members_events (person_id, event_id) VALUES (1, 8);
INSERT INTO public.members_events (person_id, event_id) VALUES (1, 10);
INSERT INTO public.members_events (person_id, event_id) VALUES (1, 11);
INSERT INTO public.members_events (person_id, event_id) VALUES (1, 12);
INSERT INTO public.members_events (person_id, event_id) VALUES (1, 14);
INSERT INTO public.members_events (person_id, event_id) VALUES (1, 13);
INSERT INTO public.members_events (person_id, event_id) VALUES (1, 6);
INSERT INTO public.members_events (person_id, event_id) VALUES (1, 7);
INSERT INTO public.members_events (person_id, event_id) VALUES (1, 19);
INSERT INTO public.members_events (person_id, event_id) VALUES (7, 19);
INSERT INTO public.members_events (person_id, event_id) VALUES (1, 20);
INSERT INTO public.members_events (person_id, event_id) VALUES (1, 21);
INSERT INTO public.members_events (person_id, event_id) VALUES (1, 16);

INSERT INTO public.token (token_id, value, person_id) VALUES (7, 'eyJhbGciOiJIUzI1NiJ9.eyJzdWIiOiJzdHJpbmcxIiwicm9sZXMiOltdLCJpYXQiOjE2ODQzNDg5ODgsImV4cCI6MTY4NDM1MjU4OH0.UC59VqK1wmqLOpksmVRZTz8bpndtQ2M96-9Zw-01mr0', 2);
INSERT INTO public.token (token_id, value, person_id) VALUES (9, 'eyJhbGciOiJIUzI1NiJ9.eyJzdWIiOiJzdHJpbmcxIiwicm9sZXMiOltdLCJpYXQiOjE2ODQzNDk2ODMsImV4cCI6MTY4NDM1MzI4M30.ZLiO-r6MtzmYto_yW-4REvlktxzdLoJyqKenWwfBmXs', 2);
INSERT INTO public.token (token_id, value, person_id) VALUES (10, 'eyJhbGciOiJIUzI1NiJ9.eyJzdWIiOiJzdHJpbmcxIiwicm9sZXMiOltdLCJpYXQiOjE2ODQzNTAwNTUsImV4cCI6MTY4NDM1MzY1NX0.HVIL907JgNYKSecM_BSE76WgRnl1sGkNm82jbRh7mFw', 2);
INSERT INTO public.token (token_id, value, person_id) VALUES (13, 'eyJhbGciOiJIUzI1NiJ9.eyJzdWIiOiJzdHJpbmcxIiwicm9sZXMiOltdLCJpYXQiOjE2ODQzNTA1MTcsImV4cCI6MTY4NDM1NDExN30.gJOUETE59ISLvEaggnMMZic1oMv8VrtbHq4wfh0SFsY', 2);
INSERT INTO public.token (token_id, value, person_id) VALUES (16, 'eyJhbGciOiJIUzI1NiJ9.eyJzdWIiOiJzdHJpbmcxIiwicm9sZXMiOltdLCJpYXQiOjE2ODQ0ODI5NDksImV4cCI6MTY4NDQ4NjU0OX0.KsghmHMyeEG17Ggg98x0qEotQiSPZDdjxUn1O5_4pqQ', 2);
INSERT INTO public.token (token_id, value, person_id) VALUES (19, 'eyJhbGciOiJIUzI1NiJ9.eyJzdWIiOiJzdHJpbmcxIiwicm9sZXMiOltdLCJpYXQiOjE2ODQ0OTI1MzgsImV4cCI6MTY4NDQ5NjEzOH0.j3WcuAXsdylIQap01fggjYqsXyyfX2txbGU22N-NZ_o', 2);
INSERT INTO public.token (token_id, value, person_id) VALUES (20, 'eyJhbGciOiJIUzI1NiJ9.eyJzdWIiOiJzdHJpbmcxIiwicm9sZXMiOltdLCJpYXQiOjE2ODQ1MTY1NjYsImV4cCI6MTY4NDUyMDE2Nn0.ftQXqb6G69l7FN3gV5etF0TTYiiw868qMiGE_xdRAG8', 2);
INSERT INTO public.token (token_id, value, person_id) VALUES (21, 'eyJhbGciOiJIUzI1NiJ9.eyJzdWIiOiJzdHJpbmcxIiwicm9sZXMiOltdLCJpYXQiOjE2ODQ1MjE3MDAsImV4cCI6MTY4NDYwODEwMH0.90YpttxA4nbW34wRI7LMxyT2nCVU6K04SR-I3wPdOa8', 2);
INSERT INTO public.token (token_id, value, person_id) VALUES (22, 'eyJhbGciOiJIUzI1NiJ9.eyJzdWIiOiJzdHJpbmcxIiwicm9sZXMiOltdLCJpYXQiOjE2ODQ1MjIzMzMsImV4cCI6MTY4NDYwODczM30.ZZitpC08oGj_JWSlNUZ0t7EI2z3VY7rglAOYj0CCm60', 2);
INSERT INTO public.token (token_id, value, person_id) VALUES (25, 'eyJhbGciOiJIUzI1NiJ9.eyJzdWIiOiJzdHJpbmcxIiwicm9sZXMiOltdLCJpYXQiOjE2ODQ1MjM4MjksImV4cCI6MTY4NDYxMDIyOX0.5qMG1FCpUKK8DKppXZsIs7dDAj7NkCGUgG7Cs4R4gX4', 2);
INSERT INTO public.token (token_id, value, person_id) VALUES (26, 'eyJhbGciOiJIUzI1NiJ9.eyJzdWIiOiJzdHJpbmcxIiwicm9sZXMiOltdLCJpYXQiOjE2ODQ1NzQ5MjksImV4cCI6MTY4NDY2MTMyOX0.dQ65BIJ5t1yUa-tQFR9kEJELkzod9gXzmbu-23VZp5Q', 2);
INSERT INTO public.token (token_id, value, person_id) VALUES (27, 'eyJhbGciOiJIUzI1NiJ9.eyJzdWIiOiJzdHJpbmcxIiwicm9sZXMiOltdLCJpYXQiOjE2ODQ1ODA5MjQsImV4cCI6MTY4NDY2NzMyNH0.u9scb7dzt5087U31n7l5EgTagbyltTWovWVzZAXTH1s', 2);
INSERT INTO public.token (token_id, value, person_id) VALUES (28, 'eyJhbGciOiJIUzI1NiJ9.eyJzdWIiOiJzdHJpbmcxIiwicm9sZXMiOltdLCJpYXQiOjE2ODQ1ODU1MjMsImV4cCI6MTY4NDY3MTkyM30.gxGyh8-HqKOY9G2-hpogCOeIOW_R5FsLPl-EpYIZSMU', 2);
INSERT INTO public.token (token_id, value, person_id) VALUES (29, 'eyJhbGciOiJIUzI1NiJ9.eyJzdWIiOiJzdHJpbmcxIiwicm9sZXMiOltdLCJpYXQiOjE2ODQ1ODU2NDgsImV4cCI6MTY4NDY3MjA0OH0.EyMAWaLccw4N9nb82Vp9gt1XrFOj7iBxMLT_9uXqQcw', 2);
INSERT INTO public.token (token_id, value, person_id) VALUES (30, 'eyJhbGciOiJIUzI1NiJ9.eyJzdWIiOiJzdHJpbmcxIiwicm9sZXMiOltdLCJpYXQiOjE2ODQ1ODU2NTcsImV4cCI6MTY4NDY3MjA1N30.lt8Nue4BaaJnWKScnfDT-pZjGIHO7P63PYYwy15N0L8', 2);
INSERT INTO public.token (token_id, value, person_id) VALUES (168, 'eyJhbGciOiJIUzI1NiJ9.eyJzdWIiOiJEdW5hZGFuIiwicm9sZXMiOlsiUk9MRV9BRE1JTiJdLCJpYXQiOjE2ODU3OTE2NDEsImV4cCI6MTY4NTg3ODA0MX0.RA3_aTUnNa1EACUJ_y5qJMe9aosSfOgjhxI4n6SxMkI', 1);
